order_id,order_status,order_quantity,phase_id,phase_name,phase_status,cycle_time,phase_real_time,declared_quantity,operators,operator_count,queue_insert_date,queue_real_insert_date,planned_finish_date,real_finish_date,queue_delay_hours,finish_delay_hours,actual_duration_minutes,planned_duration_minutes
yygyg7,4,5,4f521803-a5a0-4763-a0b2-037c56e8d3d4,Taglio,4,50,0,5,Operatore,1,2025-03-06 11:20:00.000,2025-03-17 16:38:11.776,2025-03-10 13:30:00,,269.3032711111111,,,250
yygyg7,4,5,bce4d1ab-4b8c-47c7-a7d1-3adb84ad881d,Piega 1,4,150,0,5,Operatore,1,2025-03-10 13:30:00.000,,2025-03-12 15:40:00,,,,,750
yygyg7,4,5,b4d842c2-610d-42cc-a867-bde334de09fa,Verniciatura,4,300,0,0,,0,2025-03-12 15:40:00.000,2025-03-26 09:08:12.325,2025-03-14 17:50:00,,329.4700902777778,,,300
yygyg7,4,5,ebccae4f-871e-4f70-9c48-211fe2d02d4b,Zincatura,4,25,0,0,,0,2025-03-14 17:50:00.000,,2025-03-18 23:00:00,2025-05-22 15:27:27.928,,1552.457757777778,,25
Tote,4,7,67e419bf44138a79caf163f1,Taglio,4,1,2,7,michael Luca,1,2025-03-10 11:10:00.000,2025-03-26 16:37:16.918,2025-03-13 11:10:00,,389.4546994444445,,,7
Tote,4,7,67e419bf44138a79caf163f2,Piega 1,4,1,0,7,michael Luca,1,2025-03-13 11:10:00.000,2025-03-27 15:28:37.843,2025-03-18 11:10:00,,340.3105119444445,,,7
Tote,4,7,67e419bf44138a79caf163f3,Saldatura,4,1,12,7,Operatore,1,2025-03-18 11:10:00.000,,2025-03-21 11:10:00,,,,,7
Tote,4,7,67e419bf44138a79caf163f4,Verniciatura,4,0,0,0,,0,2025-03-21 11:10:00.000,,2025-03-26 11:10:00,2025-05-22 15:27:20.022,,1372.288895,,0
Tote,4,7,67e419bf44138a79caf163f5,Assemblaggio,4,40,0,0,,0,2025-03-26 11:10:00.000,,2025-03-31 00:00:00,2025-05-25 17:03:41.107,,1337.061418611111,,40
hyvjyvju_1,4,2,bfc7568a-6aa2-4449-9581-7cb511937592,Taglio,4,14,0,2,Operatore,1,2025-03-04 11:20:00.000,2025-05-20 08:30:54.506,2025-03-06 13:30:00,2025-03-13 16:56:51.892,1845.1818072222222,171.44774777777778,-97414.04356666667,28
hyvjyvju_1,4,2,edac2623-040a-4734-87db-1497298e215b,Saldatura,4,30,0,2,Operatore,1,2025-03-06 13:30:00.000,2025-03-13 17:12:13.259,2025-03-10 15:40:00,,171.70368305555556,,,60
hyvjyvju_1,4,2,52d3d8e3-8c05-490e-a303-912a7bca87a8,Piega 1,4,8,0,2,Operatore,1,2025-03-10 15:40:00.000,2025-03-13 17:18:08.365,2025-03-12 17:50:00,2025-03-13 17:20:10.273,73.63565694444445,23.50285361111111,2.0318,16
hyvjyvju_1,4,2,005a64f6-b8b6-41bb-8221-1b8378018061,Saldatura,4,6,1,2,michael Luca,1,2025-03-06 18:25:00.000,2025-03-25 10:45:48.397,2025-03-12 17:50:00,,448.34677694444446,,,12
hyvjyvju_1,4,2,ae118d00-3bcc-4b2d-b5b1-647457d57855,Assemblaggio,4,18,0,0,,0,2025-03-12 17:50:00.000,2025-04-22 14:20:47.389,2025-03-16 23:00:00,2025-04-30 11:44:44.688,980.513163611111,1068.7457466666667,11363.954983333333,18
test6,0,12,67d829b2b8e55a1df4b8deb9,Taglio,4,24,0,0,,0,2025-04-02 09:28:46.656,2025-05-20 08:30:54.506,2025-06-17 11:10:00,,1151.035513888889,,,24
test6,0,12,67d829b2b8e55a1df4b8deba,Saldatura,4,72,0,0,,0,2025-04-02 09:28:46.656,,2025-06-20 11:10:00,2025-04-18 15:58:27.510,,-1507.1923583333335,,72
test6,0,12,67d829b2b8e55a1df4b8debb,Piega 1,1,360,0,0,,0,2025-04-02 09:28:46.656,2025-05-28 06:57:02.254,2025-06-25 11:10:00,2025-04-18 15:58:32.881,1341.4709994444445,-1627.190866388889,-57058.489550000006,360
test6,0,12,67d829b2b8e55a1df4b8debc,Smerigliatura,1,240,0,0,,0,2025-04-02 09:28:46.656,2025-04-22 14:04:53.185,2025-06-30 11:10:00,,484.60181361111114,,,240
test6,0,12,67d829b2b8e55a1df4b8debd,Assemblaggio,1,0,0,0,,0,2025-04-02 09:28:46.656,,2025-07-03 00:00:00,,,,,0
provadg,4,5,4f521803-a5a0-4763-a0b2-037c56e8d3d4,Taglio,4,50,0,5,Operatore,1,2025-03-05 11:20:00.000,2025-05-20 08:30:54.506,2025-03-07 13:30:00,2025-03-13 16:49:37.129,1821.1818072222222,147.32698027777778,-97421.28961666668,250
provadg,4,5,bce4d1ab-4b8c-47c7-a7d1-3adb84ad881d,Piega 1,4,150,0,5,Operatore,1,2025-03-07 13:30:00.000,,2025-03-11 15:40:00,2025-03-13 16:49:43.166,,49.161990555555555,,750
provadg,4,5,b4d842c2-610d-42cc-a867-bde334de09fa,Verniciatura,4,300,0,0,,0,2025-03-11 15:40:00.000,,2025-03-13 17:50:00,,,,,300
provadg,4,5,ebccae4f-871e-4f70-9c48-211fe2d02d4b,Saldatura,4,25,11,5,michael Luca,1,2025-03-13 17:50:00.000,2025-03-26 16:37:16.918,2025-03-17 23:00:00,2025-03-26 17:12:08.584,310.7880327777778,210.20238444444445,34.8611,125
hyvjyhj,1,5,bfc7568a-6aa2-4449-9581-7cb511937592,Taglio,4,35,0,5,Operatore,1,2025-03-04 11:20:00.000,2025-03-13 17:12:08.578,2025-03-06 13:30:00,2025-03-13 17:18:02.719,221.86904944444444,171.8007552777778,5.90235,175
hyvjyhj,1,5,edac2623-040a-4734-87db-1497298e215b,Saldatura,4,75,0,3,Operatore,1,2025-03-06 13:30:00.000,2025-03-13 17:18:14.177,2025-03-10 15:40:00,,171.80393805555556,,,225
hyvjyhj,1,5,52d3d8e3-8c05-490e-a303-912a7bca87a8,Piega 1,4,20,0,5,Operatore,1,2025-03-10 15:40:00.000,2025-03-13 17:18:43.700,2025-03-12 17:50:00,2025-03-13 17:24:01.853,73.64547222222222,23.56718138888889,5.30255,100
hyvjyhj,1,5,005a64f6-b8b6-41bb-8221-1b8378018061,Filettatura,4,15,0,0,,0,2025-03-06 18:25:00.000,,2025-03-12 17:50:00,2025-04-19 10:41:57.330,,904.8659250000001,,15
hyvjyhj,1,5,ae118d00-3bcc-4b2d-b5b1-647457d57855,Svasatura,1,48,0,0,,0,2025-03-12 17:50:00.000,2025-04-22 14:20:47.389,2025-03-16 23:00:00,,980.513163611111,,,48
Loulou,1,8,67e419bf44138a79caf163f7,Piega 1,4,8,0,0,,0,2025-03-28 11:10:00.000,2025-05-20 08:30:54.506,2025-04-02 11:10:00,2025-04-18 16:00:55.219,1269.348473888889,388.84867194444445,-45629.98811666667,8
Loulou,1,8,67e419bf44138a79caf163f8,Saldatura,4,120,0,6,michael Luca,1,2025-04-02 11:10:00.000,2025-04-22 14:20:47.389,2025-04-07 11:10:00,2025-05-09 15:59:40.518,483.1798302777778,772.8279216666667,24578.88548333333,720
Loulou,1,8,67e419bf44138a79caf163f9,Verniciatura,1,480,0,0,,0,2025-04-07 11:10:00.000,,2025-04-10 11:10:00,,,,,480
Loulou,1,8,67e419bf44138a79caf163fa,Assemblaggio,1,240,0,0,,0,2025-04-10 11:10:00.000,,2025-04-15 11:10:00,,,,,240
Loulou,1,8,67e419bf44138a79caf163fb,Verniciatura,1,8,0,0,,0,2025-04-15 11:10:00.000,,2025-04-18 00:00:00,,,,,8
tetss,1,5,bfc7568a-6aa2-4449-9581-7cb511937592,Taglio,4,35,0,5,Operatore,1,2025-03-06 11:20:00.000,2025-05-20 08:30:54.506,2025-03-10 13:30:00,,1797.1818072222222,,,175
tetss,1,5,edac2623-040a-4734-87db-1497298e215b,Saldatura,4,75,0,5,Operatore,1,2025-03-10 13:30:00.000,2025-03-17 14:44:25.328,2025-03-12 15:40:00,,169.2403688888889,,,375
tetss,1,5,52d3d8e3-8c05-490e-a303-912a7bca87a8,Piega 1,4,20,2,5,"Operatore,michael Luca",2,2025-03-12 15:40:00.000,2025-03-17 14:53:04.716,2025-03-14 17:50:00,2025-05-12 09:52:33.644,119.21797666666667,1408.042678888889,80339.48213333334,100
tetss,1,5,005a64f6-b8b6-41bb-8221-1b8378018061,Filettatura,0,15,0,0,,0,2025-03-10 18:25:00.000,2025-04-22 14:20:47.389,2025-03-14 17:50:00,,1027.9298302777777,,,15
tetss,1,5,ae118d00-3bcc-4b2d-b5b1-647457d57855,Assemblaggio,0,45,0,0,,0,2025-03-14 17:50:00.000,,2025-03-18 23:00:00,,,,,45
kugkugkibkib,1,5,4f521803-a5a0-4763-a0b2-037c56e8d3d4,Taglio,4,50,1,5,michael Luca,1,2025-03-06 11:20:00.000,2025-05-20 08:30:54.506,2025-03-10 13:30:00,,1797.1818072222222,,,250
kugkugkibkib,1,5,bce4d1ab-4b8c-47c7-a7d1-3adb84ad881d,Piega 1,4,150,1,5,michael Luca,1,2025-03-10 13:30:00.000,,2025-03-12 15:40:00,,,,,750
kugkugkibkib,1,5,b4d842c2-610d-42cc-a867-bde334de09fa,Verniciatura,0,300,0,0,,0,2025-03-12 15:40:00.000,,2025-03-14 17:50:00,,,,,300
kugkugkibkib,1,5,ebccae4f-871e-4f70-9c48-211fe2d02d4b,Zincatura,0,25,0,0,,0,2025-03-14 17:50:00.000,,2025-03-18 23:00:00,,,,,25
fgh,4,5,bfc7568a-6aa2-4449-9581-7cb511937592,Taglio,4,35,0,5,Operatore,1,2025-03-04 11:20:00.000,2025-05-20 08:30:54.506,2025-03-06 13:30:00,2025-03-13 16:50:52.957,1845.1818072222222,171.34804361111114,-97420.02581666666,175
fgh,4,5,edac2623-040a-4734-87db-1497298e215b,Saldatura,4,75,0,5,Operatore,1,2025-03-06 13:30:00.000,2025-03-13 16:51:00.314,2025-03-10 15:40:00,,171.35008722222221,,,375
fgh,4,5,52d3d8e3-8c05-490e-a303-912a7bca87a8,Piega 1,4,20,0,2,Operatore,1,2025-03-10 15:40:00.000,2025-03-13 16:53:54.136,2025-03-12 17:50:00,2025-03-13 16:55:28.805,73.23170444444445,23.09133472222222,1.5778166666666666,40
fgh,4,5,005a64f6-b8b6-41bb-8221-1b8378018061,Filettatura,4,15,0,0,,0,2025-03-06 18:25:00.000,,2025-03-12 17:50:00,,,,,15
fgh,4,5,ae118d00-3bcc-4b2d-b5b1-647457d57855,Assemblaggio,4,45,0,0,,0,2025-03-12 17:50:00.000,,2025-03-16 23:00:00,,,,,45
vubiub,4,10,4f521803-a5a0-4763-a0b2-037c56e8d3d4,Taglio,4,100,0,5,Operatore,1,2025-03-05 11:20:00.000,2025-05-20 08:30:54.506,2025-03-07 13:30:00,2025-03-13 16:54:04.311,1821.1818072222222,147.4011975,-97416.83658333334,500
vubiub,4,10,bce4d1ab-4b8c-47c7-a7d1-3adb84ad881d,Piega 1,4,300,0,5,Operatore,1,2025-03-07 13:30:00.000,2025-03-13 16:54:08.481,2025-03-11 15:40:00,2025-03-13 16:54:48.597,147.40235583333333,49.246832500000004,0.6686,1500
vubiub,4,10,b4d842c2-610d-42cc-a867-bde334de09fa,Verniciatura,4,600,0,0,,0,2025-03-11 15:40:00.000,2025-03-26 09:08:12.325,2025-03-13 17:50:00,,353.4700902777778,,,600
vubiub,4,10,ebccae4f-871e-4f70-9c48-211fe2d02d4b,Zincatura,4,50,0,0,,0,2025-03-13 17:50:00.000,,2025-03-17 23:00:00,,,,,50
zhzhs,1,5,bfc7568a-6aa2-4449-9581-7cb511937592,Taglio,4,35,0,5,Operatore,1,2025-03-04 11:20:00.000,2025-05-20 08:30:54.506,2025-03-06 13:30:00,,1845.1818072222222,,,175
zhzhs,1,5,edac2623-040a-4734-87db-1497298e215b,Saldatura,4,75,0,5,Operatore,1,2025-03-06 13:30:00.000,,2025-03-10 15:40:00,,,,,375
zhzhs,1,5,52d3d8e3-8c05-490e-a303-912a7bca87a8,Piega 1,4,20,0,5,Operatore,1,2025-03-10 15:40:00.000,2025-03-17 14:31:34.330,2025-03-12 17:50:00,,166.8595361111111,,,100
zhzhs,1,5,005a64f6-b8b6-41bb-8221-1b8378018061,Filettatura,0,15,0,0,,0,2025-03-06 18:25:00.000,2025-04-22 14:20:47.389,2025-03-12 17:50:00,,1123.9298302777777,,,15
zhzhs,1,5,ae118d00-3bcc-4b2d-b5b1-647457d57855,Assemblaggio,0,45,0,0,,0,2025-03-12 17:50:00.000,,2025-03-16 23:00:00,,,,,45
Hourglass,1,3,67e419bf44138a79caf163f1,Taglio,4,1,2,3,michael Luca,1,2025-03-10 11:10:00.000,2025-05-20 08:30:54.506,2025-03-13 11:10:00,,1701.348473888889,,,3
Hourglass,1,3,67e419bf44138a79caf163f2,Piega 1,4,1,0,3,michael Luca,1,2025-03-13 11:10:00.000,,2025-03-18 11:10:00,,,,,3
Hourglass,1,3,67e419bf44138a79caf163f3,Saldatura,4,1,1,2,"michael Luca,michael Luca",2,2025-03-18 11:10:00.000,2025-05-12 09:52:43.127,2025-03-21 11:10:00,2025-05-12 09:57:03.019,1318.7119797222224,1246.7841719444446,4.331533333333334,2
Hourglass,1,3,67e419bf44138a79caf163f4,Verniciatura,1,15,0,0,,0,2025-03-21 11:10:00.000,,2025-03-26 11:10:00,,,,,15
Hourglass,1,3,67e419bf44138a79caf163f5,Assemblaggio,1,0,0,0,,0,2025-03-26 11:10:00.000,,2025-03-30 00:00:00,,,,,0
Le City,1,5,67e419bf44138a79caf163eb,Taglio,4,10,0,0,,0,2025-03-27 11:10:00.000,2025-05-20 08:30:54.506,2025-04-01 11:10:00,2025-04-18 16:02:41.581,1293.348473888889,412.87821694444443,-45628.215416666666,10
Le City,1,5,67e419bf44138a79caf163ec,Piega 1,4,20,0,3,michael Luca,1,2025-04-01 11:10:00.000,2025-04-22 14:20:47.389,2025-04-04 11:10:00,2025-05-09 15:52:36.158,507.1798302777778,844.7100438888889,24571.81281666667,60
Le City,1,5,67e419bf44138a79caf163ed,Saldatura,4,25,0,4,michael Luca,1,2025-04-01 11:10:00.000,2025-05-09 15:52:58.137,2025-04-04 11:10:00,2025-05-09 15:54:47.748,916.7161491666667,844.7465966666667,1.82685,100
Le City,1,5,67e419bf44138a79caf163ee,Verniciatura,1,5,0,0,,0,2025-04-04 11:10:00.000,,2025-04-09 11:10:00,,,,,5
Le City,1,5,67e419bf44138a79caf163ef,Assemblaggio,1,10,0,0,,0,2025-04-09 11:10:00.000,,2025-04-13 00:00:00,,,,,10
hyvjyhj_1,1,2,bfc7568a-6aa2-4449-9581-7cb511937592,Taglio,4,14,0,5,Operatore,1,2025-03-04 11:20:00.000,2025-05-20 08:30:54.506,2025-03-06 13:30:00,2025-03-13 17:18:02.719,1845.1818072222222,171.8007552777778,-97392.86311666666,70
hyvjyhj_1,1,2,edac2623-040a-4734-87db-1497298e215b,Saldatura,4,30,0,2,Operatore,1,2025-03-06 13:30:00.000,2025-03-13 17:19:12.071,2025-03-10 15:40:00,,171.8200197222222,,,60
hyvjyhj_1,1,2,52d3d8e3-8c05-490e-a303-912a7bca87a8,Piega 1,4,8,0,2,Operatore,1,2025-03-10 15:40:00.000,2025-03-13 17:20:52.793,2025-03-12 17:50:00,2025-03-13 17:39:17.580,73.68133138888889,23.821550000000002,18.413116666666667,16
hyvjyhj_1,1,2,005a64f6-b8b6-41bb-8221-1b8378018061,Saldatura,4,6,2,2,"michael Luca,michael Luca",2,2025-03-06 18:25:00.000,2025-03-26 14:51:26.621,2025-03-12 17:50:00,2025-05-12 09:55:31.670,476.44072805555555,1456.0921305555555,67384.08415,12
hyvjyhj_1,1,2,ae118d00-3bcc-4b2d-b5b1-647457d57855,Assemblaggio,0,18,0,0,,0,2025-03-12 17:50:00.000,2025-04-22 14:20:47.389,2025-03-16 23:00:00,,980.513163611111,,,18
test4,1,12,67d81a79358ced1f7235d168,Taglio,4,24,0,0,,0,2025-04-02 10:14:52.402,2025-05-20 08:30:54.506,2025-06-17 11:10:00,2025-04-18 16:04:56.214,1150.2672511111111,-1435.084385,-45625.97153333333,24
test4,1,12,67d81a79358ced1f7235d169,Saldatura,4,72,14,10,michael Luca,1,2025-06-17 11:10:00.000,2025-05-20 09:07:14.482,2025-06-20 11:10:00,2025-05-20 10:06:33.654,-674.0459772222223,-745.0573183333333,59.31953333333333,720
test4,1,12,67d81a79358ced1f7235d16a,Piega 1,2,360,12,0,,0,2025-06-20 11:10:00.000,2025-05-29 09:04:01.285,2025-06-25 11:10:00,,-530.0996430555556,,,360
test4,1,12,67d81a79358ced1f7235d16b,Smerigliatura,1,240,0,0,,0,2025-06-25 11:10:00.000,,2025-06-30 11:10:00,,,,,240
test4,1,12,67d81a79358ced1f7235d16c,Assemblaggio,1,0,0,0,,0,2025-06-30 11:10:00.000,,2025-07-03 00:00:00,,,,,0
test5,4,12,67d82597b8e55a1df4b8dead,Taglio,4,24,0,0,,0,2025-04-02 09:41:21.667,2025-05-20 08:30:54.506,2025-06-17 11:10:00,2025-04-18 16:06:18.664,1150.8257886111112,-1435.0614822222224,-45624.59736666667,24
test5,4,12,67d82597b8e55a1df4b8deae,Saldatura,4,72,0,0,,0,2025-04-02 09:41:21.667,,2025-06-20 11:10:00,2025-04-18 16:06:21.280,,-1507.0607555555555,,72
test5,4,12,67d82597b8e55a1df4b8deaf,Piega 1,4,360,0,0,,0,2025-04-02 09:41:21.667,,2025-06-25 11:10:00,2025-04-18 16:06:30.413,,-1627.0582186111112,,360
test5,4,12,67d82597b8e55a1df4b8deb0,Smerigliatura,4,240,0,0,,0,2025-04-02 09:41:21.667,,2025-06-30 11:10:00,2025-04-18 16:06:31.571,,-1747.0578969444443,,240
test5,4,12,67d82597b8e55a1df4b8deb1,Assemblaggio,4,0,0,0,,0,2025-04-02 09:41:21.667,,2025-07-03 00:00:00,2025-04-18 16:06:32.868,,-1807.89087,,0
prova,4,5,bfc7568a-6aa2-4449-9581-7cb511937592,Taglio,4,35,0,5,Operatore,1,2025-03-05 11:20:00.000,2025-05-20 08:30:54.506,2025-03-07 13:30:00,2025-03-13 16:48:10.743,1821.1818072222222,147.30298416666668,-97422.72938333334,175
prova,4,5,edac2623-040a-4734-87db-1497298e215b,Saldatura,4,75,0,5,Operatore,1,2025-03-07 13:30:00.000,2025-03-13 16:48:19.000,2025-03-11 15:40:00,,147.30527777777777,,,375
prova,4,5,52d3d8e3-8c05-490e-a303-912a7bca87a8,Piega 1,4,20,0,5,Operatore,1,2025-03-11 15:40:00.000,2025-03-13 16:48:58.779,2025-03-13 17:50:00,2025-03-13 16:49:27.908,49.149660833333336,-1.0089144444444444,0.4854833333333334,100
prova,4,5,005a64f6-b8b6-41bb-8221-1b8378018061,Filettatura,4,15,0,0,,0,2025-03-07 18:25:00.000,,2025-03-13 17:50:00,,,,,15
prova,4,5,ae118d00-3bcc-4b2d-b5b1-647457d57855,Saldatura,4,45,0,5,"michael Luca,michael Luca,michael Luca",3,2025-03-13 17:50:00.000,2025-04-28 12:36:33.865,2025-03-17 23:00:00,2025-05-05 09:33:45.524,1098.776073611111,1162.5626455555557,9897.194316666666,225
iugiugk7g,1,5,bfc7568a-6aa2-4449-9581-7cb511937592,Taglio,4,35,0,5,Operatore,1,2025-03-04 11:20:00.000,2025-05-20 08:30:54.506,2025-03-06 13:30:00,2025-03-13 17:34:28.152,1845.1818072222222,172.07448666666667,-97376.43923333334,175
iugiugk7g,1,5,edac2623-040a-4734-87db-1497298e215b,Saldatura,4,75,0,5,Operatore,1,2025-03-06 13:30:00.000,2025-03-13 17:34:53.712,2025-03-10 15:40:00,,172.08158666666668,,,375
iugiugk7g,1,5,52d3d8e3-8c05-490e-a303-912a7bca87a8,Piega 1,4,20,0,5,Operatore,1,2025-03-10 15:40:00.000,2025-03-13 17:38:39.344,2025-03-12 17:50:00,2025-03-13 17:40:38.202,73.97759555555555,23.843945,1.9809666666666668,100
iugiugk7g,1,5,005a64f6-b8b6-41bb-8221-1b8378018061,Filettatura,0,15,0,0,,0,2025-03-06 18:25:00.000,2025-04-22 14:20:47.389,2025-03-12 17:50:00,,1123.9298302777777,,,15
iugiugk7g,1,5,ae118d00-3bcc-4b2d-b5b1-647457d57855,Assemblaggio,0,45,0,0,,0,2025-03-12 17:50:00.000,,2025-03-16 23:00:00,,,,,45
tetsggg,1,5,bfc7568a-6aa2-4449-9581-7cb511937592,Taglio,4,35,0,5,Operatore,1,2025-03-06 11:20:00.000,2025-05-20 08:30:54.506,2025-03-10 13:30:00,,1797.1818072222222,,,175
tetsggg,1,5,edac2623-040a-4734-87db-1497298e215b,Saldatura,4,75,0,5,Operatore,1,2025-03-10 13:30:00.000,2025-03-17 16:22:03.025,2025-03-12 15:40:00,,170.86750694444444,,,375
tetsggg,1,5,52d3d8e3-8c05-490e-a303-912a7bca87a8,Piega 1,4,20,0,5,Operatore,1,2025-03-12 15:40:00.000,,2025-03-14 17:50:00,,,,,100
tetsggg,1,5,005a64f6-b8b6-41bb-8221-1b8378018061,Filettatura,0,15,0,0,,0,2025-03-10 18:25:00.000,2025-04-22 14:20:47.389,2025-03-14 17:50:00,,1027.9298302777777,,,15
tetsggg,1,5,ae118d00-3bcc-4b2d-b5b1-647457d57855,Assemblaggio,0,45,0,0,,0,2025-03-14 17:50:00.000,,2025-03-18 23:00:00,,,,,45
test3,4,12,67d81a79358ced1f7235d168,Taglio,4,24,0,12,Operatore,1,2025-04-02 10:19:45.973,2025-05-20 08:30:54.506,2025-06-17 11:10:00,,1150.185703611111,,,288
test3,4,12,67d81a79358ced1f7235d169,Saldatura,4,72,0,12,Operatore,1,2025-06-17 11:10:00.000,2025-04-22 13:14:44.547,2025-06-20 11:10:00,,-1341.9209591666665,,,864
test3,4,12,67d81a79358ced1f7235d16a,Piega 1,4,360,0,12,Operatore,1,2025-06-20 11:10:00.000,2025-04-22 13:15:28.944,2025-06-25 11:10:00,,-1413.9086266666666,,,4320
test3,4,12,67d81a79358ced1f7235d16b,Smerigliatura,4,240,0,12,Operatore,1,2025-06-25 11:10:00.000,2025-04-22 13:19:13.032,2025-06-30 11:10:00,,-1533.8463800000002,,,2880
test3,4,12,67d81a79358ced1f7235d16c,Assemblaggio,4,1,0,12,Operatore,1,2025-06-30 11:10:00.000,2025-04-22 13:20:18.092,2025-07-03 00:00:00,2025-04-22 13:20:41.778,-1653.8283077777778,-1714.6550616666666,0.39476666666666665,12
8fi7gj7b,1,5,4f521803-a5a0-4763-a0b2-037c56e8d3d4,Taglio,4,50,0,5,Operatore,1,2025-03-05 11:20:00.000,2025-05-20 08:30:54.506,2025-03-07 13:30:00,2025-03-13 17:25:29.609,1821.1818072222222,147.9248913888889,-97385.41494999999,250
8fi7gj7b,1,5,bce4d1ab-4b8c-47c7-a7d1-3adb84ad881d,Piega 1,4,150,0,5,Operatore,1,2025-03-07 13:30:00.000,2025-03-13 17:25:40.106,2025-03-11 15:40:00,2025-03-13 17:26:53.269,147.92780722222224,49.781463611111114,1.2193833333333333,750
8fi7gj7b,1,5,b4d842c2-610d-42cc-a867-bde334de09fa,Verniciatura,4,300,0,5,Operatore,1,2025-03-11 15:40:00.000,2025-03-26 09:08:12.325,2025-03-13 17:50:00,2025-03-26 15:02:39.598,353.4700902777778,309.21099944444444,354.45455000000004,1500
8fi7gj7b,1,5,ebccae4f-871e-4f70-9c48-211fe2d02d4b,Zincatura,0,25,0,0,,0,2025-03-13 17:50:00.000,,2025-03-17 23:00:00,,,,,25
hyvjyvju,4,5,bfc7568a-6aa2-4449-9581-7cb511937592,Taglio,4,35,0,2,Operatore,1,2025-03-04 11:20:00.000,2025-05-20 08:30:54.506,2025-03-06 13:30:00,2025-03-13 16:56:51.892,1845.1818072222222,171.44774777777778,-97414.04356666667,70
hyvjyvju,4,5,edac2623-040a-4734-87db-1497298e215b,Saldatura,4,75,0,3,Operatore,1,2025-03-06 13:30:00.000,2025-03-13 16:56:59.783,2025-03-10 15:40:00,,171.44993972222224,,,225
hyvjyvju,4,5,52d3d8e3-8c05-490e-a303-912a7bca87a8,Piega 1,4,20,0,5,Operatore,1,2025-03-10 15:40:00.000,2025-03-13 16:57:48.317,2025-03-12 17:50:00,2025-03-13 17:11:58.708,73.29675472222222,23.366307777777777,14.173183333333332,100
hyvjyvju,4,5,005a64f6-b8b6-41bb-8221-1b8378018061,Filettatura,4,15,0,0,,0,2025-03-06 18:25:00.000,2025-04-22 14:20:47.389,2025-03-12 17:50:00,2025-04-30 11:37:48.616,1123.9298302777777,1169.796837777778,11357.02045,15
hyvjyvju,4,5,ae118d00-3bcc-4b2d-b5b1-647457d57855,Assemblaggio,4,45,0,0,,0,2025-03-12 17:50:00.000,,2025-03-16 23:00:00,2025-04-30 11:38:11.604,,1068.6365566666666,,45
8fi7ghj,1,5,bfc7568a-6aa2-4449-9581-7cb511937592,Taglio,4,35,0,5,Operatore,1,2025-03-05 11:20:00.000,2025-05-20 08:30:54.506,2025-03-07 13:30:00,2025-03-13 17:27:06.681,1821.1818072222222,147.95185583333333,-97383.79708333334,175
8fi7ghj,1,5,edac2623-040a-4734-87db-1497298e215b,Saldatura,4,75,0,5,Operatore,1,2025-03-07 13:30:00.000,2025-03-13 17:27:28.085,2025-03-11 15:40:00,,147.95780138888887,,,375
8fi7ghj,1,5,52d3d8e3-8c05-490e-a303-912a7bca87a8,Piega 1,4,20,0,5,Operatore,1,2025-03-11 15:40:00.000,2025-03-13 17:32:54.275,2025-03-13 17:50:00,2025-03-13 17:33:23.894,49.88174305555555,-0.2766961111111111,0.49365,100
8fi7ghj,1,5,005a64f6-b8b6-41bb-8221-1b8378018061,Filettatura,0,15,0,0,,0,2025-03-07 18:25:00.000,2025-04-22 14:20:47.389,2025-03-13 17:50:00,,1099.9298302777777,,,15
8fi7ghj,1,5,ae118d00-3bcc-4b2d-b5b1-647457d57855,Assemblaggio,0,45,0,0,,0,2025-03-13 17:50:00.000,,2025-03-17 23:00:00,,,,,45
8kgihhli,1,5,4f521803-a5a0-4763-a0b2-037c56e8d3d4,Taglio,4,50,1,5,michael Luca,1,2025-03-07 11:20:00.000,2025-05-20 08:30:54.506,2025-03-11 13:30:00,,1773.1818072222222,,,250
8kgihhli,1,5,bce4d1ab-4b8c-47c7-a7d1-3adb84ad881d,Piega 1,4,150,1,5,michael Luca,1,2025-03-11 13:30:00.000,2025-03-26 17:21:10.802,2025-03-13 15:40:00,,363.8530005555555,,,750
8kgihhli,1,5,b4d842c2-610d-42cc-a867-bde334de09fa,Verniciatura,0,300,0,0,,0,2025-03-13 15:40:00.000,,2025-03-17 17:50:00,,,,,300
8kgihhli,1,5,ebccae4f-871e-4f70-9c48-211fe2d02d4b,Zincatura,0,25,0,0,,0,2025-03-17 17:50:00.000,,2025-03-19 23:00:00,,,,,25
Cagole,1,9,67e419bf44138a79caf163eb,Taglio,4,18,0,9,michael Luca,1,2025-03-13 11:10:00.000,2025-05-20 08:30:54.506,2025-03-18 11:10:00,,1629.348473888889,,,162
Cagole,1,9,67e419bf44138a79caf163ec,Piega 1,4,36,0,9,michael Luca,1,2025-03-18 11:10:00.000,2025-05-05 09:28:25.020,2025-03-21 11:10:00,,1150.30695,,,324
Cagole,1,9,67e419bf44138a79caf163ed,Saldatura,4,45,1,9,michael Luca,1,2025-03-18 11:10:00.000,,2025-03-21 11:10:00,,,,,405
Cagole,1,9,67e419bf44138a79caf163ee,Verniciatura,1,9,0,0,,0,2025-03-21 11:10:00.000,,2025-03-26 11:10:00,,,,,9
Cagole,1,9,67e419bf44138a79caf163ef,Assemblaggio,1,18,0,0,,0,2025-03-26 11:10:00.000,,2025-03-31 00:00:00,,,,,18
Pochette,1,16,67e419c044138a79caf163fd,Taglio,4,16,0,16,michael Luca,1,2025-03-19 11:10:00.000,2025-05-20 08:30:54.506,2025-03-24 11:10:00,,1485.348473888889,,,256
Pochette,1,16,67e419c044138a79caf163fe,Piega 1,4,16,0,16,michael Luca,1,2025-03-24 11:10:00.000,2025-05-05 09:05:57.932,2025-03-27 11:10:00,,1005.9327588888889,,,256
Pochette,1,16,67e419c044138a79caf163ff,Saldatura,4,80,0,16,michael Luca,1,2025-03-27 11:10:00.000,,2025-04-01 11:10:00,,,,,1280
Pochette,1,16,67e419c044138a79caf16400,Verniciatura,1,960,0,0,,0,2025-04-01 11:10:00.000,,2025-04-04 11:10:00,,,,,960
Pochette,1,16,67e419c044138a79caf16401,Svasatura,1,320,0,0,,0,2025-04-04 11:10:00.000,,2025-04-09 11:10:00,,,,,320
Pochette,1,16,67e419c044138a79caf16402,Taglio,1,16,0,0,,0,2025-04-09 11:10:00.000,,2025-04-14 00:00:00,,,,,16
Loulou small,1,2,67e419c044138a79caf16404,Taglio,4,4,0,2,michael Luca,1,2025-03-10 11:10:00.000,2025-05-20 08:30:54.506,2025-03-13 11:10:00,,1701.348473888889,,,8
Loulou small,1,2,67e419c044138a79caf16405,Piega 1,4,12,0,2,michael Luca,1,2025-03-13 11:10:00.000,2025-03-27 15:30:46.321,2025-03-18 11:10:00,,340.34620027777777,,,24
Loulou small,1,2,67e419c044138a79caf16406,Saldatura,4,60,0,2,michael Luca,1,2025-03-18 11:10:00.000,,2025-03-21 11:10:00,,,,,120
Loulou small,1,2,67e419c044138a79caf16407,Verniciatura,1,45,0,0,,0,2025-03-21 11:10:00.000,,,,,,,45
Loulou small,1,2,67e419c044138a79caf16408,Assemblaggio,1,0,0,0,,0,2025-03-26 11:10:00.000,,2025-03-30 00:00:00,,,,,0
24-0655/7,1,30,67befd3a22081a302f359f5b,Taglio,4,1,0,30,michael Luca,1,2025-02-07 11:10:00.000,2025-05-20 08:30:54.506,2025-02-12 11:10:00,,2445.3484738888887,,,30
24-0655/7,1,30,67befd3a22081a302f359f5c,Piega 1,4,1,0,30,michael Luca,1,2025-02-12 11:10:00.000,2025-05-05 09:10:37.783,2025-02-17 11:10:00,,1966.0104952777776,,,30
24-0655/7,1,30,67befd3a22081a302f359f5d,Saldatura,4,1,0,30,michael Luca,1,2025-02-17 11:10:00.000,,2025-02-20 11:10:00,,,,,30
24-0655/7,1,30,67befd3a22081a302f359f5e,Zincatura,1,0,0,0,,0,2025-02-20 11:10:00.000,,2025-02-25 00:00:00,,,,,0
prova Bcode15,1,48,30154708-6b76-4729-8410-b76a601a216c,Taglio,4,480,0,48,michael Luca,1,2024-10-04 11:10:00.000,2025-05-20 08:30:54.506,2024-10-09 11:10:00,,5469.348473888889,,,23040
prova Bcode15,1,48,c4392f6a-6f67-4a7e-b8e1-f5921a5bf6ad,Piega 1,4,480,0,48,Operatore,1,2024-10-09 11:10:00.000,2025-04-22 12:43:02.877,2024-10-14 11:10:00,,4681.550799166666,,,23040
prova Bcode15,1,48,c7c84abf-574e-482a-a271-ff62854a24c2,Saldatura,4,480,0,48,michael Luca,1,2024-10-14 11:10:00.000,2025-04-28 12:36:33.864,2024-10-17 11:10:00,,4705.44274,,,23040
prova Bcode15,1,48,9c5c008a-2476-49cd-b8b3-ac4fe3b8625b,Smerigliatura,1,480,0,0,,0,2024-10-17 11:10:00.000,2025-05-19 11:47:30.317,2024-10-22 00:00:00,,5136.625088055556,,,480
prova Bcode20,0,4,30154708-6b76-4729-8410-b76a601a216c,Taglio,1,40,0,0,,0,2025-06-19 11:10:00.000,,2025-06-24 11:10:00,,,,,40
prova Bcode20,0,4,c4392f6a-6f67-4a7e-b8e1-f5921a5bf6ad,Piega 1,1,40,0,0,,0,2025-06-24 11:10:00.000,,2025-06-27 11:10:00,,,,,40
prova Bcode20,0,4,c7c84abf-574e-482a-a271-ff62854a24c2,Saldatura,1,40,0,0,,0,2025-06-27 11:10:00.000,,2025-07-02 11:10:00,,,,,40
prova Bcode20,0,4,9c5c008a-2476-49cd-b8b3-ac4fe3b8625b,Smerigliatura,1,40,0,0,,0,2025-07-02 11:10:00.000,,2025-07-05 00:00:00,,,,,40
prova Bcode21,0,3,30154708-6b76-4729-8410-b76a601a216c,Taglio,1,30,0,0,,0,2025-06-13 11:10:00.000,,2025-06-18 11:10:00,,,,,30
prova Bcode21,0,3,c4392f6a-6f67-4a7e-b8e1-f5921a5bf6ad,Piega 1,1,30,0,0,,0,2025-05-23 14:57:40.952,,2025-06-23 11:10:00,,,,,30
prova Bcode21,0,3,c7c84abf-574e-482a-a271-ff62854a24c2,Saldatura,1,30,0,0,,0,2025-06-23 11:10:00.000,,2025-06-26 11:10:00,,,,,30
prova Bcode21,0,3,9c5c008a-2476-49cd-b8b3-ac4fe3b8625b,Smerigliatura,1,30,0,0,,0,2025-06-26 11:10:00.000,,2025-07-01 00:00:00,,,,,30
provaStatus,1,48,30154708-6b76-4729-8410-b76a601a216c,Taglio,4,480,1,48,"michael Luca,michael Luca,michael Luca",3,2024-10-04 11:10:00.000,2025-05-20 08:56:21.774,2024-10-09 11:10:00,2025-05-20 09:09:59.887,5469.772715,5349.9999686111105,13.635216666666668,23040
provaStatus,1,48,c4392f6a-6f67-4a7e-b8e1-f5921a5bf6ad,Piega 1,4,480,0,0,,0,2024-10-09 11:10:00.000,,2024-10-14 11:10:00,,,,,480
provaStatus,1,48,c7c84abf-574e-482a-a271-ff62854a24c2,Saldatura,4,480,0,0,,0,2024-10-14 11:10:00.000,,2024-10-17 11:10:00,,,,,480
provaStatus,1,48,9c5c008a-2476-49cd-b8b3-ac4fe3b8625b,Taglio,4,480,0,48,"michael Luca,michael Luca,michael Luca,michael Luca",4,2024-10-17 11:10:00.000,2025-04-22 12:51:19.980,2024-10-22 00:00:00,2025-04-22 12:51:34.990,4489.688883333333,4380.859719444445,0.25016666666666665,23040
prova2,4,5,bfc7568a-6aa2-4449-9581-7cb511937592,Taglio,4,35,0,5,Operatore,1,2025-03-05 11:20:00.000,2025-05-20 08:30:54.506,2025-03-07 13:30:00,2025-03-13 16:48:10.743,1821.1818072222222,147.30298416666668,-97422.72938333334,175
prova2,4,5,edac2623-040a-4734-87db-1497298e215b,Saldatura,4,75,0,5,Operatore,1,2025-03-07 13:30:00.000,2025-03-13 16:48:19.000,2025-03-11 15:40:00,,147.30527777777777,,,375
prova2,4,5,52d3d8e3-8c05-490e-a303-912a7bca87a8,Piega 1,4,20,0,5,Operatore,1,2025-03-11 15:40:00.000,2025-03-13 16:48:58.779,2025-03-13 17:50:00,2025-03-13 16:49:27.908,49.149660833333336,-1.0089144444444444,0.4854833333333334,100
prova2,4,5,005a64f6-b8b6-41bb-8221-1b8378018061,Filettatura,4,15,0,0,,0,2025-03-07 18:25:00.000,,2025-03-13 17:50:00,,,,,15
prova2,4,5,ae118d00-3bcc-4b2d-b5b1-647457d57855,Saldatura,4,45,0,5,"michael Luca,michael Luca,michael Luca",3,2025-03-13 17:50:00.000,2025-04-28 12:36:33.865,2025-03-17 23:00:00,2025-05-05 09:34:19.263,1098.776073611111,1162.5720175,9897.756633333334,225
24-0726/14,0,5,681e07d2bbaf1528ee7a5a14,Taglio,1,25,0,0,,0,2025-05-15 11:10:00.000,2025-05-29 09:04:01.285,2025-05-20 11:10:00,,333.9003569444444,,,25
24-0726/14,0,5,681e07d2bbaf1528ee7a5a15,Piega 1,1,50,0,0,,0,2025-05-20 11:10:00.000,,2025-05-23 11:10:00,,,,,50
24-0726/14,0,5,681e07d2bbaf1528ee7a5a16,Saldatura,1,50,0,0,,0,2025-05-23 11:10:00.000,,2025-05-28 11:10:00,,,,,50
24-0726/14,0,5,681e07d2bbaf1528ee7a5a17,Smerigliatura,1,250,0,0,,0,2025-05-28 11:10:00.000,,2025-06-02 11:10:00,,,,,250
24-0726/14,0,5,681e07d2bbaf1528ee7a5a18,Verniciatura,1,25,0,0,,0,2025-06-02 11:10:00.000,,2025-06-05 00:00:00,,,,,25
25-0056*13,1,1,681e0aaebbaf1528ee7a5cd3,Taglio,1,1,0,0,,0,2025-05-29 11:10:00.000,2025-05-29 09:04:01.284,2025-06-03 00:00:00,,-2.0996433333333333,,,1
25-0056*13,1,1,681e0aaebbaf1528ee7a5cd4,Smerigliatura,1,1,0,0,,0,2025-05-26 11:10:00.000,,2025-05-29 11:10:00,,,,,1
25-0056*13,1,1,681e0aaebbaf1528ee7a5cd5,Piega 1,1,11,0,0,,0,2025-05-23 14:45:40.711,,2025-05-29 11:10:00,,,,,11
25-0056*13,1,1,681e0aaebbaf1528ee7a5cd6,Verniciatura,1,1,0,0,,0,2025-05-29 11:10:00.000,,2025-06-03 00:00:00,,,,,1
Le City_1,1,1,67e419bf44138a79caf163eb,Taglio,4,2,0,0,,0,2025-03-27 11:10:00.000,2025-05-20 08:30:54.506,2025-04-01 11:10:00,2025-04-18 16:02:41.581,1293.348473888889,412.87821694444443,-45628.215416666666,2
Le City_1,1,1,67e419bf44138a79caf163ec,Piega 1,4,4,0,3,michael Luca,1,2025-04-01 11:10:00.000,2025-04-22 14:20:47.389,2025-04-04 11:10:00,2025-05-09 15:52:36.158,507.1798302777778,844.7100438888889,24571.81281666667,12
Le City_1,1,1,67e419bf44138a79caf163ed,Saldatura,4,5,1,1,michael Luca,1,2025-04-01 11:10:00.000,2025-05-09 15:52:58.137,2025-04-04 11:10:00,2025-05-09 16:36:36.749,916.7161491666667,845.4435413888889,43.64353333333334,5
Le City_1,1,1,67e419bf44138a79caf163ee,Verniciatura,1,1,0,0,,0,2025-04-04 11:10:00.000,,2025-04-09 11:10:00,,,,,1
Le City_1,1,1,67e419bf44138a79caf163ef,Assemblaggio,1,2,0,0,,0,2025-04-09 11:10:00.000,,2025-04-13 00:00:00,,,,,2
Loulou_1,1,2,67e419bf44138a79caf163f7,Piega 1,4,2,0,0,,0,2025-03-28 11:10:00.000,2025-05-20 08:30:54.506,2025-04-02 11:10:00,2025-04-18 16:00:55.219,1269.348473888889,388.84867194444445,-45629.98811666667,2
Loulou_1,1,2,67e419bf44138a79caf163f8,Saldatura,4,30,3,1,michael Luca,1,2025-04-02 11:10:00.000,2025-04-22 14:20:47.389,2025-04-07 11:10:00,2025-05-09 16:03:42.269,483.1798302777778,772.8950747222221,24582.914666666664,30
Loulou_1,1,2,67e419bf44138a79caf163f9,Verniciatura,1,120,0,0,,0,2025-04-07 11:10:00.000,,,,,,,120
Loulou_1,1,2,67e419bf44138a79caf163fa,Assemblaggio,1,60,0,0,,0,2025-04-10 11:10:00.000,,2025-04-15 11:10:00,,,,,60
Loulou_1,1,2,67e419bf44138a79caf163fb,Verniciatura,1,2,0,0,,0,2025-04-15 11:10:00.000,,2025-04-18 00:00:00,,,,,2
Loulou_1_1,1,1,67e419bf44138a79caf163f7,Piega 1,4,1,0,0,,0,2025-03-28 11:10:00.000,2025-05-20 08:30:54.506,2025-04-02 11:10:00,2025-04-18 16:00:55.219,1269.348473888889,388.84867194444445,-45629.98811666667,1
Loulou_1_1,1,1,67e419bf44138a79caf163f8,Saldatura,4,15,3,1,michael Luca,1,2025-04-02 11:10:00.000,2025-04-22 14:20:47.389,2025-04-07 11:10:00,2025-05-09 16:04:16.866,483.1798302777778,772.904685,24583.491283333333,15
Loulou_1_1,1,1,67e419bf44138a79caf163f9,Verniciatura,1,60,0,0,,0,2025-04-07 11:10:00.000,,,,,,,60
Loulou_1_1,1,1,67e419bf44138a79caf163fa,Assemblaggio,1,30,0,0,,0,2025-04-10 11:10:00.000,,2025-04-15 11:10:00,,,,,30
Loulou_1_1,1,1,67e419bf44138a79caf163fb,Verniciatura,1,1,0,0,,0,2025-04-15 11:10:00.000,,2025-04-18 00:00:00,,,,,1
Hourglass_1,1,1,67e419bf44138a79caf163f1,Taglio,4,1,2,3,michael Luca,1,2025-03-10 11:10:00.000,2025-05-20 08:30:54.506,2025-03-13 11:10:00,,1701.348473888889,,,3
Hourglass_1,1,1,67e419bf44138a79caf163f2,Piega 1,4,1,0,3,michael Luca,1,2025-03-13 11:10:00.000,,2025-03-18 11:10:00,,,,,3
Hourglass_1,1,1,67e419bf44138a79caf163f3,Saldatura,4,1,2,1,"michael Luca,michael Luca",2,2025-03-18 11:10:00.000,2025-05-12 09:52:43.127,2025-03-21 11:10:00,2025-05-12 09:58:39.846,1318.7119797222224,1246.8110683333332,5.945316666666667,1
Hourglass_1,1,1,67e419bf44138a79caf163f4,Verniciatura,1,32,0,0,,0,2025-03-21 11:10:00.000,,2025-03-26 11:10:00,,,,,32
Hourglass_1,1,1,67e419bf44138a79caf163f5,Assemblaggio,1,1,0,0,,0,2025-03-26 11:10:00.000,,2025-03-30 00:00:00,,,,,1
test4_1,1,2,67d81a79358ced1f7235d168,Taglio,4,4,0,0,,0,2025-04-02 10:14:52.402,2025-05-20 08:30:54.506,2025-06-17 11:10:00,2025-04-18 16:04:56.214,1150.2672511111111,-1435.084385,-45625.97153333333,4
test4_1,1,2,67d81a79358ced1f7235d169,Saldatura,4,12,16,2,michael Luca,1,2025-06-17 11:10:00.000,2025-05-20 09:07:14.482,2025-06-20 11:10:00,2025-05-20 10:38:28.108,-674.0459772222223,-744.5255255555555,91.22710000000001,24
test4_1,1,2,67d81a79358ced1f7235d16a,Piega 1,3,60,60,0,,0,2025-06-20 11:10:00.000,2025-05-29 09:04:01.285,2025-06-25 11:10:00,,-530.0996430555556,,,60
test4_1,1,2,67d81a79358ced1f7235d16b,Smerigliatura,1,40,0,0,,0,2025-06-25 11:10:00.000,,2025-06-30 11:10:00,,,,,40
test4_1,1,2,67d81a79358ced1f7235d16c,Assemblaggio,1,2,0,0,,0,2025-06-30 11:10:00.000,,2025-07-03 00:00:00,,,,,2
24-0667*42,4,2,68332db53701ebb683685038,Taglio,4,45,0,2,Operatore,1,2025-01-16 11:10:00.000,2025-05-28 06:57:02.254,2025-01-21 00:00:00,2025-05-28 07:30:57.511,3163.7839594444445,3055.5159752777777,33.92095,90
24-0667*43,4,2,68332db53701ebb68368503a,Taglio,4,12,2,2,Operatore,1,2025-01-16 11:10:00.000,2025-05-28 06:57:02.254,2025-01-21 00:00:00,2025-05-28 07:33:26.166,3163.7839594444445,3055.557268333333,36.39853333333333,24
24-0726/3,1,5,68332db53701ebb683685032,Taglio,4,25,15,5,michael Luca,1,2025-02-11 11:10:00.000,2025-05-29 10:30:45.969,2025-02-14 11:10:00,2025-06-04 16:28:35.379,2567.3461025,2645.3098275,8997.8235,125
24-0726/3,1,5,68332db53701ebb683685033,Saldatura,4,50,10,5,michael Luca,1,2025-02-14 11:10:00.000,,2025-02-19 11:10:00,2025-06-04 16:57:33.453,,2525.792625833333,,250
24-0726/3,1,5,68332db53701ebb683685034,Piega 1,4,50,8,4,michael Luca,1,2025-02-19 11:10:00.000,,2025-02-24 18:15:00,2025-06-04 17:13:36.022,,2398.976672777778,,200
24-0726/3,1,5,68332db53701ebb683685035,Filettatura,1,250,0,0,,0,2025-02-24 18:15:00.000,,2025-02-28 11:10:00,,,,,250
24-0726/3,1,5,68332db53701ebb683685036,Assemblaggio,1,25,0,0,,0,2025-02-28 11:10:00.000,,2025-03-05 00:00:00,,,,,25
25-0036*1,4,1,68332db53701ebb68368503c,Taglio,4,11,0,1,Operatore,1,2025-01-13 11:10:00.000,,2025-01-16 00:00:00,2025-05-28 06:58:17.383,,3174.9714952777776,,11
24-0726/3_1,1,1,68332db53701ebb683685032,Taglio,4,5,15,5,michael Luca,1,2025-02-11 11:10:00.000,2025-05-29 10:30:45.969,2025-02-14 11:10:00,2025-06-04 16:28:35.379,2567.3461025,2645.3098275,8997.8235,25
24-0726/3_1,1,1,68332db53701ebb683685033,Saldatura,4,10,10,5,michael Luca,1,2025-02-14 11:10:00.000,,2025-02-19 11:10:00,2025-06-04 16:57:33.453,,2525.792625833333,,50
24-0726/3_1,1,1,68332db53701ebb683685034,Piega 1,4,10,11,1,michael Luca,1,2025-02-19 11:10:00.000,,2025-02-24 18:15:00,2025-06-04 17:18:07.477,,2399.0520769444443,,10
24-0726/3_1,1,1,68332db53701ebb683685035,Filettatura,1,50,0,0,,0,2025-02-24 18:15:00.000,,2025-02-28 11:10:00,,,,,50
24-0726/3_1,1,1,68332db53701ebb683685036,Assemblaggio,1,5,0,0,,0,2025-02-28 11:10:00.000,,2025-03-05 00:00:00,,,,,5
